year,method,return,hold_return,excess_percentage_points,pair_win_rate
2022,daily_net,-0.2577725714209751,-0.26838495044186694,1.061237902089185,0.9
2022,universal_net,-0.26263569769713213,-0.26838495044186694,0.5749252744734812,0.9
2022,monthly_net,-0.2575421572884673,-0.26838495044186694,1.0842793153399644,0.9
2022,hold_net,-0.26838495044186694,-0.26838495044186694,0,0.9
2022,daily_double_cost,-0.26960929425831537,-0.2713242419344055,0.17149476760901505,0.9
2022,hold_double_cost,-0.2713242419344055,-0.2713242419344055,0,0.9
2022,daily_ideal,-0.2598974633632236,-0.27631261160610776,1.6415148242884148,0.9
2022,hold_ideal,-0.27631261160610776,-0.27631261160610776,0,0.9
2023,daily_net,-0.11886749136312846,-0.10832822953245391,-1.0539261830674551,0.4
2023,universal_net,-0.11417697389336401,-0.10832822953245391,-0.5848744360910096,0.4
2023,monthly_net,-0.1094706093012906,-0.10832822953245391,-0.11423797688366877,0.4
2023,hold_net,-0.10832822953245391,-0.10832822953245391,0,0.4
2023,daily_double_cost,-0.1288384439716379,-0.11234123868683665,-1.6497205284801253,0.4
2023,hold_double_cost,-0.11234123868683665,-0.11234123868683665,0,0.4
2023,daily_ideal,-0.11121518571719702,-0.10953503123291575,-0.1680154484281271,0.4
2023,hold_ideal,-0.10953503123291575,-0.10953503123291575,0,0.4
2024,daily_net,0.13419475271705594,0.1251308277921852,0.9063924924870737,0.8
2024,universal_net,0.13163467149861452,0.1251308277921852,0.6503843706429313,0.8
2024,monthly_net,0.13451709801638367,0.1251308277921852,0.9386270224198467,0.8
2024,hold_net,0.1251308277921852,0.1251308277921852,0,0.8
2024,daily_double_cost,0.11856631927825756,0.12051133535054737,-0.1945016072289807,0.8
2024,hold_double_cost,0.12051133535054737,0.12051133535054737,0,0.8
2024,daily_ideal,0.14601851512236408,0.13183369166458458,1.4184823457779494,0.8
2024,hold_ideal,0.13183369166458458,0.13183369166458458,0,0.8
2025,daily_net,0.39800541016794044,0.4352557485216815,-3.725033835374103,0.6
2025,universal_net,0.4094119867030832,0.4352557485216815,-2.5843761818598265,0.6
2025,monthly_net,0.4053921538101162,0.4352557485216815,-2.98635947115653,0.6
2025,hold_net,0.4352557485216815,0.4352557485216815,0,0.6
2025,daily_double_cost,0.38112665515136657,0.4297001509742042,-4.857349582283765,0.6
2025,hold_double_cost,0.4297001509742042,0.4297001509742042,0,0.6
2025,daily_ideal,0.4252059175954428,0.4542855095876934,-2.907959199225063,0.6
2025,hold_ideal,0.4542855095876934,0.4542855095876934,0,0.6
2026,daily_net,-0.17912668886016836,-0.1489218846010376,-3.0204804259130746,0.5
2026,universal_net,-0.16408796484227306,-0.1489218846010376,-1.5166080241235447,0.5
2026,monthly_net,-0.18838046399185193,-0.1489218846010376,-3.945857939081432,0.5
2026,hold_net,-0.1489218846010376,-0.1489218846010376,0,0.5
2026,daily_double_cost,-0.18995385094409456,-0.15283602840194754,-3.7117822542147016,0.5
2026,hold_double_cost,-0.15283602840194754,-0.15283602840194754,0,0.5
2026,daily_ideal,-0.15398742018307632,-0.1294601901280551,-2.452723005502122,0.5
2026,hold_ideal,-0.1294601901280551,-0.1294601901280551,0,0.5
